{"cameraMode":{"drawMode":0,"name":"Shaded","section":"Shading Mode"},"sceneLighting":true,"audioPlay":false,"sceneViewState":{"showFog":false,"showMaterialUpdate":false,"showSkybox":false,"showFlares":false,"showImageEffects":false,"showParticleSystems":false},"in2DMode":false,"pivot":{"x":907.2013549804688,"y":461.7209777832031,"z":-0.17626953125},"rotation":{"x":0.004190522246062756,"y":0.008097341284155846,"z":0.00003435327744227834,"w":-0.9999614357948303},"size":597.3748168945313,"orthographic":false}